passengerId|Number of Flights|firstName|lastName
392|22|Cory|Ebonie
833|19|Christiana|Lyndsay
1025|18|Erik|Marin
1342|17|Lanora|Shawnda
1591|15|Trisha|Lue
6357|14|Eloise|Cheryll
7253|14|Johnnie|Domenica
9376|14|Stanford|Audry
3175|13|Lezlie|Veronika
3794|13|Leann|Gracie
7754|13|Kina|Kylee
7833|13|Tana|Queen
5803|12|Shawana|Shera
9465|12|Farrah|Andrew
1084|12|Arnold|Genevive
1460|12|Thurman|Emmaline
471|11|Jene|Deborah
1829|11|Kasandra|Kermit
5518|11|Blake|Maurita
6658|11|Shanell|Monet
1507|11|Chet|Loreen
2387|11|Juana|Faye
148|10|Karma|Minh
12940|10|Titus|Marine
243|10|Carolyn|Rosy
2122|9|Brigida|Elane
3749|9|Debbi|Gussie
3997|9|Reed|Lean
7240|9|Stacia|Trinidad
737|9|Chadwick|Carlita
1238|8|Kenda|Cori
1580|8|Leeanna|Jacquelin
1645|8|Eldon|Idell
4818|8|Soon|Jin
6336|8|Lashaunda|Robbie
8389|8|Eva|Maryln
11858|8|Otelia|May
13623|8|Leila|Janna
540|8|Paul|Erminia
4900|7|Glinda|Meridith
8592|7|Avril|Rey
9427|7|Terrilyn|Jefferey
10206|7|Damon|Rosalba
897|7|Petrina|Analisa
1990|7|Milda|Aletha
1088|6|Laurence|Cora
3918|6|Weldon|Helaine
5156|6|Deshawn|Kourtney
7340|6|Evonne|Lili
1721|6|Nicola|Usha
1896|6|Brandy|Velia
2235|6|Percy|Joseph
2142|5|Glenn|Cecil
4101|5|Fonda|Cherryl
7554|5|Fleta|Vonda
11033|5|Ka|Lajuana
12046|5|Henriette|Leda
12799|5|Adah|China
13285|5|Rosita|Ramona
13840|5|Darcey|Sharice
623|5|Sona|Dawna
1483|5|Frank|Billie
1522|5|Maisie|Glayds
463|4|Darcel|Tosha
2659|4|Alex|Lauri
11141|4|Andra|Renata
13289|4|Lawerence|Marcie
1959|3|Magdalena|Josephine
2366|3|Desire|Arie
5300|3|Lloyd|Una
6397|3|Jennefer|Rolande
6466|3|Marla|Kacey
6654|3|Daniel|Lashandra
7880|3|Camellia|Stanton
7993|3|Nelia|Risa
7982|3|Lanora|Clarisa
8086|3|Stella|Akilah
9852|3|Youlanda|Joselyn
9900|3|Sanora|Mitzi
11317|3|Johna|Issac
11458|3|Kareem|Emilia
12027|3|Kristofer|Lore
496|2|Janise|Cherise
2866|2|Tessa|Dominique
4519|2|Philip|Terra
4935|2|Jefferey|Eneida
8638|2|Ahmad|Bethann
10623|2|Ryan|Leonila
10817|2|Kym|Jeanie
11748|2|Alejandro|Berniece
14570|2|Riley|Ivan
858|2|Crystle|Alayna
1127|2|Akilah|Shantelle
1395|2|Nedra|Georgette
6620|1|Haywood|Aundrea
10362|1|Evie|Lashandra
13832|1|Jackson|Rory
14450|1|Shenna|Trula
14832|1|Shila|Lashaun
15447|1|Cecil|Abbey
